"1","Microsoft Windows RPC","Not Specified","CVE-2020-1113","7.5 HIGH","Out of bound memory access while processing frames due to lack of check of invalid frames received in Snapdragon AutoSnapdragon ComputeSnapdragon ConnectivitySnapdragon Consumer IOTSnapdragon Industrial IOTSnapdragon IoTSnapdragon MobileSnapdragon Voice & MusicSnapdragon WearablesSnapdragon Wired Infrastructure and Networking
"2","Microsoft Windows RPC","Not Specified","CVE-2016-0178","8.8 HIGH","The RPC NDR Engine in Microsoft Windows Vista SP2Windows Server 2008 SP2 and R2 SP1Windows 7 SP1Windows 8.1Windows Server 2012 Gold and R2Windows RT 8.1and Windows 10 Gold and 1511 mishandles free operationswhich allows remote attackers to execute arbitrary code via malformed RPC requestsaka ""RPC Network Data Representation Engine Elevation of Privilege Vulnerability.""
"3","Microsoft Windows RPC","Not Specified","CVE-2016-0128","6.8 MEDIUM","The SAM and LSAD protocol implementations in Microsoft Windows Vista SP2Windows Server 2008 SP2 and R2 SP1Windows 7 SP1Windows 8.1Windows Server 2012 Gold and R2Windows RT 8.1and Windows 10 Gold and 1511 do not properly establish an RPC channelwhich allows man-in-the-middle attackers to perform protocol-downgrade attacks and impersonate users by modifying the client-server data streamaka ""Windows SAM and LSAD Downgrade Vulnerability"" or ""BADLOCK.""
"4","Microsoft Windows RPC","Not Specified","CVE-2015-2370","Undetermined","The authentication implementation in the RPC subsystem in Microsoft Windows Server 2003 SP2 and R2 SP2Windows Vista SP2Windows Server 2008 SP2 and R2 SP1Windows 7 SP1Windows 8Windows 8.1Windows Server 2012 Gold and R2and Windows RT Gold and 8.1 does not prevent DCE/RPC connection reflectionwhich allows local users to gain privileges via a crafted applicationaka ""Windows RPC Elevation of Privilege Vulnerability.""
"5","Microsoft Windows RPC","Not Specified","CVE-2014-0316","Undetermined","Memory leak in the Local RPC (LRPC) server implementation in Microsoft Windows 7 SP1Windows Server 2008 R2 SP1Windows 8Windows 8.1Windows Server 2012 Gold and R2and Windows RT Gold and 8.1 allows remote attackers to cause a denial of service (memory consumption) and bypass the ASLR protection mechanism via a crafted client that sends messages with an invalid data viewaka ""LRPC ASLR Bypass Vulnerability.""
"6","Microsoft Windows netbios-ssn","Not Specified","CVE-2017-0161","8.1 HIGH","The Windows NetBT Session Services component on Microsoft Windows Server 2008 R2 SP1Windows 7 SP1Windows 8.1Windows Server 2012 Gold and R2Windows RT 8.1Windows 10 Gold15111607and 1703and Windows Server 2016 allows a remote code execution vulnerability when it fails to maintain certain sequencing requirementsaka ""NetBIOS Remote Code Execution Vulnerability"".
"7","Microsoft Windows netbios-ssn","Not Specified","CVE-2016-3299","5.3 MEDIUM","Microsoft Windows Vista SP2Windows Server 2008 SP2 and R2 SP1Windows 7 SP1Windows 8.1Windows Server 2012 Gold and R2Windows RT 8.1and Windows 10 Gold and 1511 allow remote attackers to hijack network traffic or bypass intended Enhanced Protected Mode (EPM) or application container protection mechanismsand consequently render untrusted content in a browserby leveraging how NetBIOS validates responsesaka ""NetBIOS Spoofing Vulnerability.""
"8","Microsoft Windows netbios-ssn","Not Specified","CVE-2016-3213","8.8 HIGH","The Web Proxy Auto Discovery (WPAD) protocol implementation in Microsoft Windows Vista SP2Windows Server 2008 SP2 and R2 SP1Windows 7 SP1Windows 8.1Windows Server 2012 Gold and R2Windows RT 8.1Windows 10 Gold and 1511and Internet Explorer 9 through 11 has an improper fallback mechanismwhich allows remote attackers to gain privileges via NetBIOS name responsesaka ""WPAD Elevation of Privilege Vulnerability.""
"9","Microsoft Windows netbios-ssn","Not Specified","CVE-2009-3676","Undetermined","The SMB client in the kernel in Microsoft Windows Server 2008 R2 and Windows 7 allows remote SMB servers and man-in-the-middle attackers to cause a denial of service (infinite loop and system hang) via a (1) SMBv1 or (2) SMBv2 response packet that contains (a) an incorrect length value in a NetBIOS header or (b) an additional length field at the end of this response packetaka ""SMB Client Incomplete Response Vulnerability.""
"10","Microsoft Windows netbios-ssn","Not Specified","CVE-2009-0094","Undetermined","The WINS server in Microsoft Windows 2000 SP4 and Server 2003 SP1 and SP2 does not restrict registration of the (1) ""wpad"" and (2) ""isatap"" NetBIOS nameswhich allows remote authenticated users to hijack the Web Proxy Auto-Discovery (WPAD) and Intra-Site Automatic Tunnel Addressing Protocol (ISATAP) featuresand conduct man-in-the-middle attacks by spoofing a proxy server or ISATAP routeby registering one of these names in the WINS databaseaka ""WPAD WINS Server Registration Vulnerability,"" a related issue to CVE-2007-1692.
"11","VMware Workstation SOAP API","15.5.5","CVE-2020-3970","3.8 LOW","VMware ESXi (7.0 before ESXi_7.0.0-1.20.163218396.7 before ESXi670-202004101-SG and 6.5 before ESXi650-202005401-SG)Workstation (15.x before 15.5.5)and Fusion (11.x before 11.5.5) contain an out-of-bounds read vulnerability in the Shader functionality. A malicious actor with non-administrative local access to a virtual machine with 3D graphics enabled may be able to exploit this vulnerability to crash the virtual machine's vmx process leading to a partial denial of service condition.
"12","VMware Workstation SOAP API","15.5.5","CVE-2020-3969","7.8 HIGH","VMware ESXi (7.0 before ESXi_7.0.0-1.20.163218396.7 before ESXi670-202004101-SG and 6.5 before ESXi650-202005401-SG)Workstation (15.x before 15.5.5)and Fusion (11.x before 11.5.5) contain an off-by-one heap-overflow vulnerability in the SVGA device. A malicious actor with local access to a virtual machine with 3D graphics enabled may be able to exploit this vulnerability to execute code on the hypervisor from a virtual machine. Additional conditions beyond the attacker's control must be present for exploitation to be possible.
"13","VMware Workstation SOAP API","15.5.5","CVE-2020-3968","8.2 HIGH","VMware ESXi (7.0 before ESXi_7.0.0-1.20.163218396.7 before ESXi670-202004101-SG and 6.5 before ESXi650-202005401-SG)Workstation (15.x before 15.5.5)and Fusion (11.x before 11.5.5) contain an out-of-bounds write vulnerability in the USB 3.0 controller (xHCI). A malicious actor with local administrative privileges on a virtual machine may be able to exploit this issue to crash the virtual machine's vmx process leading to a denial of service condition or execute code on the hypervisor from a virtual machine. Additional conditions beyond the attacker's control must be present for exploitation to be possible.
"14","VMware Workstation SOAP API","15.5.5","CVE-2020-3967","7.5 HIGH","VMware ESXi (7.0 before ESXi_7.0.0-1.20.163218396.7 before ESXi670-202004101-SG and 6.5 before ESXi650-202005401-SG)Workstation (15.x before 15.5.5)and Fusion (11.x before 11.5.5) contain a heap-overflow vulnerability in the USB 2.0 controller (EHCI). A malicious actor with local access to a virtual machine may be able to exploit this vulnerability to execute code on the hypervisor from a virtual machine. Additional conditions beyond the attacker's control must be present for exploitation to be possible.
"15","VMware Workstation SOAP API","15.5.5","CVE-2020-3962","8.2 HIGH","VMware ESXi (7.0 before ESXi_7.0.0-1.20.163218396.7 before ESXi670-202004101-SG and 6.5 before ESXi650-202005401-SG)Workstation (15.x before 15.5.5)and Fusion (11.x before 11.5.5) contain a use-after-free vulnerability in the SVGA device. A malicious actor with local access to a virtual machine with 3D graphics enabled may be able to exploit this vulnerability to execute code on the hypervisor from a virtual machine.
"16","microsoft-ds","Not Specified","CVE-2002-0597","Undetermined","LANMAN service on Microsoft Windows 2000 allows remote attackers to cause a denial of service (CPU/memory exhaustion) via a stream of malformed data to microsoft-ds port 445.
"17","VMware Authentication Daemon","1.10","CVE-2015-5292","Undetermined","Memory leak in the Privilege Attribute Certificate (PAC) responder plugin (sssd_pac_plugin.so) in System Security Services Daemon (SSSD) 1.10 before 1.13.1 allows remote authenticated users to cause a denial of service (memory consumption) via a large number of logins that trigger parsing of PAC blobs during Kerberos authentication.
"18","VMware Authentication Daemon","1.10","CVE-2011-1786","Undetermined","lsassd in Likewise Open /Enterprise 5.3 before build 7845Open 6.0 before build 8325and Enterprise 6.0 before build 178as distributed in VMware ESXi 4.1 and ESX 4.1 and possibly other productsallows remote attackers to cause a denial of service (daemon crash) via an Active Directory login attempt that provides a username containing an invalid byte sequence.
"19","VMware Authentication Daemon","1.10","CVE-2010-1321","Undetermined","Unspecified vulnerability in the Networking component in Oracle Java SE and Java for Business 6 Update 215.0 Update 251.4.2_27and 1.3.1_28 allows remote attackers to affect confidentialityintegrityand availability via unknown vectors. NOTE: the previous information was obtained from the October 2010 CPU. Oracle has not commented on claims from a reliable downstream vendor that HttpURLConnection does not properly check for the allowHttpTrace permissionwhich allows untrusted code to perform HTTP TRACE requests.
"20","VMware Authentication Daemon","1.10","CVE-2009-4811","Undetermined","VMware Authentication Daemon 1.0 in vmware-authd.exe in the VMware Authorization Service in VMware Workstation 7.0 before 7.0.1 build 227600 and 6.5.x before 6.5.4 build 246459VMware Player 3.0 before 3.0.1 build 227600 and 2.5.x before 2.5.4 build 246459VMware ACE 2.6 before 2.6.1 build 227600 and 2.5.x before 2.5.4 build 246459and VMware Server 2.x allows remote attackers to cause a denial of service (process crash) via a \x25\x90 sequence in the USER and PASS commandsa related issue to CVE-2009-3707. NOTE: some of these details are obtained from third party information.
"21","VMware Authentication Daemon","1.10","CVE-2009-3707","Undetermined","VMware Authentication Daemon 1.0 in vmware-authd.exe in the VMware Authorization Service in VMware Workstation 7.0 before 7.0.1 build 227600 and 6.5.x before 6.5.4 build 246459VMware Player 3.0 before 3.0.1 build 227600 and 2.5.x before 2.5.4 build 246459VMware ACE 2.6 before 2.6.1 build 227600 and 2.5.x before 2.5.4 build 246459and VMware Server 2.x allows remote attackers to cause a denial of service (process crash) via a \x25\x90 sequence in the USER and PASS commandsa related issue to CVE-2009-3707. NOTE: some of these details are obtained from third party information.
"22","VMware Authentication Daemon","1.0","CVE-2009-4811","Undetermined","VMware Authentication Daemon 1.0 in vmware-authd.exe in the VMware Authorization Service in VMware Workstation 7.0 before 7.0.1 build 227600 and 6.5.x before 6.5.4 build 246459VMware Player 3.0 before 3.0.1 build 227600 and 2.5.x before 2.5.4 build 246459VMware ACE 2.6 before 2.6.1 build 227600 and 2.5.x before 2.5.4 build 246459and VMware Server 2.x allows remote attackers to cause a denial of service (process crash) via a \x25\x90 sequence in the USER and PASS commandsa related issue to CVE-2009-3707. NOTE: some of these details are obtained from third party information.
"23","VMware Authentication Daemon","1.0","CVE-2009-3707","Undetermined","VMware Authentication Daemon 1.0 in vmware-authd.exe in the VMware Authorization Service in VMware Workstation 7.0 before 7.0.1 build 227600 and 6.5.x before 6.5.4 build 246459VMware Player 3.0 before 3.0.1 build 227600 and 2.5.x before 2.5.4 build 246459VMware ACE 2.6 before 2.6.1 build 227600 and 2.5.x before 2.5.4 build 246459and VMware Server 2.x allows remote attackers to cause a denial of service (process crash) via a \x25\x90 sequence in the USER and PASS commandsa related issue to CVE-2009-3707. NOTE: some of these details are obtained from third party information.
"24","Microsoft HTTPAPI httpd","2.0","CVE-2016-0150","7.5 HIGH","HTTP.sys in Microsoft Windows 10 Gold and 1511 allows remote attackers to cause a denial of service (system hang) via crafted HTTP 2.0 requestsaka ""HTTP.sys Denial of Service Vulnerability.""
"25","Microsoft HTTPAPI httpd","2.0","CVE-2014-0253","Undetermined","Microsoft .NET Framework 1.1 SP12.0 SP23.53.5.144.5and 4.5.1 does not properly determine TCP connection stateswhich allows remote attackers to cause a denial of service (ASP.NET daemon hang) via crafted HTTP requests that trigger persistent resource consumption for a (1) stale or (2) closed connectionas exploited in the wild in February 2014aka ""POST Request DoS Vulnerability.""
"26","Microsoft HTTPAPI httpd","2.0","CVE-2009-1536","Undetermined","ASP.NET in Microsoft .NET Framework 2.0 SP1 and SP2 and 3.5 Gold and SP1when ASP 2.0 is used in integrated mode on IIS 7.0does not properly manage request schedulingwhich allows remote attackers to cause a denial of service (daemon outage) via a series of crafted HTTP requestsaka ""Remote Unauthenticated Denial of Service in ASP.NET Vulnerability.""
"27","Microsoft HTTPAPI httpd","2.0","CVE-2003-0904","Undetermined","Microsoft Exchange 2003 and Outlook Web Access (OWA)when configured to use NTLM authenticationdoes not properly reuse HTTP connectionswhich can cause OWA users to view mailboxes of other users when Kerberos has been disabled as an authentication method for IIS 6.0e.g. when SharePoint Services 2.0 is installed.
